asylumstresser.com;158.69.225.39;20180223
boot4free.com;104.27.183.246;20180223
booter.ninja;104.27.54.31;20180223
booter.xyz;104.27.147.179;20180223
bootr.org;69.162.80.56;20180223
connectionstresser.com;104.28.3.118;20180223
darkstresser.weebly.com;199.34.228.54;20180223
ddos.tools;104.31.114.120;20180223
downthem.org;104.28.29.34;20180223
freestresser.net;95.211.219.66;20180223
ghoststresser.com;104.27.49.68;20180223
hyperstresser.com;192.185.4.59;20180223
iddos.net;104.18.57.17;20180223
ipstresser.com;141.101.121.252;20180223
networkstresser.com;104.31.15.174;20180223
nuke.pe.hu;31.170.164.161;20180223
nullednetwork.com;208.94.117.220;20180223
opaquebooter.weebly.com;199.34.228.54;20180223
quantumbooter.net;104.31.6.158;20180223
quantumstresser.com;207.174.213.34;20180223
quantumstresser.net;104.31.11.160;20180223
signalstresser.com;104.24.106.171;20180223
str3ssed.me;104.18.43.35;20180223
strong-stresser.com;104.28.20.37;20180223
vbooter.org;104.28.12.7;20180223
xboot.net;103.224.212.222;20180223
bullstresser.ovh;213.186.33.5;20180223
freebooter.co;104.18.62.127;20180223
critical-boot.com;104.24.100.82;20180223
cyberstresser.org;104.27.130.225;20180223
defcon.pro;104.24.111.199;20180223
stresser.network;162.255.119.39;20180223
webstresser.org;104.20.240.47;20180223
cloudstress.com;104.24.99.64;20180223
inferno-stress.com;104.31.65.8;20180223
vdos-s.co;104.27.135.99;20180223
easy-down.com;104.18.36.31;20180223
wyfi-stresser.com;104.27.188.210;20180223
ipbooter.com;104.24.21.114;20180223
kronosbooter.com;104.27.150.133;20180223
dankstresser.net;104.31.85.228;20180223
vedbex.com;104.24.96.134;20180223
netstress.org;104.24.115.3;20180223
superiorstresser.com;104.27.187.22;20180223
defianceprotocol.com;104.27.98.52;20180223
ampbox.me;104.18.36.224;20180223
kill-lider-stresser.com;104.25.248.105;20180223
webtester.pw;104.31.84.87;20180223
booter.pw;104.27.81.53;20180223
netdown.pw;104.31.66.201;20180223
stresshub.io;104.18.46.248;20180223
rackstress.pw;104.27.153.214;20180223
cybertester.net;104.24.99.21;20180223
ddostest.me;45.55.144.184;20180223
lightboot.org;104.24.100.225;20180223
putinstresser.eu;185.61.137.36;20180223
quantumstress.net;104.27.187.246;20180223
ripstresser.com;104.27.82.112;20180223
supremestresser.net;104.18.56.233;20180223
viperstresser.us;185.61.137.36;20180223
bearstresser.xyz;104.24.108.81;20180223
eclipsestresser.co;192.64.119.99;20180223
stresser.info;185.61.137.36;20180223
meteor-stresser.com;104.27.149.196;20180223
bootyou.net;185.11.145.5;20180223
fruitstresser.net;185.11.145.249;20180223
zstresser.com;104.28.18.145;20180223
dnsprotocol.net;104.24.122.47;20180223
powerboot.net;185.61.137.36;20180223
piratestress.pro;104.27.132.189;20180223
booter.gq;104.27.169.37;20180223
booter.io;192.64.119.200;20180223
ragebooter.com;162.255.119.220;20180223
ragebooter.net;104.31.14.154;20180223
routerslap.com;162.255.119.248;20180223
blunter.xyz;104.28.10.247;20180223
nstress.com;104.31.85.135;20180223
fucked-up.pw;104.27.123.42;20180223
